train_loss,val_loss
3.534291210628691,3.6548745444133166
